[{"model": "admin_interface.theme", "pk": 1, "fields": {"name": "Django", "active": true, "title": "Django administration", "title_color": "#F5DD5D", "title_visible": true, "logo": "", "logo_color": "#FFFFFF", "logo_max_width": 400, "logo_max_height": 100, "logo_visible": true, "favicon": "", "env_name": "", "env_color": "#E74C3C", "env_visible_in_header": true, "env_visible_in_favicon": true, "language_chooser_active": true, "language_chooser_control": "default-select", "language_chooser_display": "code", "css_header_background_color": "#0C4B33", "css_header_text_color": "#44B78B", "css_header_link_color": "#FFFFFF", "css_header_link_hover_color": "#C9F0DD", "css_module_background_color": "#44B78B", "css_module_background_selected_color": "#FFFFCC", "css_module_text_color": "#FFFFFF", "css_module_link_color": "#FFFFFF", "css_module_link_selected_color": "#FFFFFF", "css_module_link_hover_color": "#C9F0DD", "css_module_rounded_corners": true, "css_generic_link_color": "#0C3C26", "css_generic_link_hover_color": "#156641", "css_generic_link_active_color": "#29B864", "css_save_button_background_color": "#0C4B33", "css_save_button_background_hover_color": "#0C3C26", "css_save_button_text_color": "#FFFFFF", "css_delete_button_background_color": "#BA2121", "css_delete_button_background_hover_color": "#A41515", "css_delete_button_text_color": "#FFFFFF", "related_modal_active": true, "related_modal_background_color": "#000000", "related_modal_background_opacity": "0.3", "related_modal_rounded_corners": true, "related_modal_close_button_visible": true, "list_filter_highlight": true, "list_filter_dropdown": true, "list_filter_sticky": true, "list_filter_removal_links": false, "foldable_apps": true, "show_fieldsets_as_tabs": false, "show_inlines_as_tabs": false, "collapsible_stacked_inlines": false, "collapsible_stacked_inlines_collapsed": true, "collapsible_tabular_inlines": false, "collapsible_tabular_inlines_collapsed": true, "recent_actions_visible": true, "form_submit_sticky": false, "form_pagination_sticky": false}}, {"model": "auth.user", "pk": 1, "fields": {"password": "pbkdf2_sha256$720000$5PIWp968uNBSzZVzTWNdhr$dWaWTsv00gw7ps9iFaZPCDplpz72HzyXjVLEOXRT9/I=", "last_login": "2025-01-24T09:41:32.639Z", "is_superuser": true, "username": "admin", "first_name": "", "last_name": "", "email": "", "is_staff": true, "is_active": true, "date_joined": "2025-01-24T04:20:18.746Z", "groups": [], "user_permissions": []}}, {"model": "sessions.session", "pk": "1czexupyfpc1zc0wnqo2g6ag0ufl24sm", "fields": {"session_data": "eyJjYXJ0Ijp7fX0:1tbS7C:9Bimkzer5LMoW1JfcuEKEk0gmo2dxqzxNn6r1_vtYOY", "expire_date": "2025-02-07T22:25:26.507Z"}}, {"model": "sessions.session", "pk": "1h1ks3xzlzp1jiqorhbs4rlj70pkadba", "fields": {"session_data": "eyJjYXJ0Ijp7fX0:1tbGKb:eqM0ShE5NMyhJxur32B6y1YnRXikwRcarYn1ZY2xSf4", "expire_date": "2025-02-07T09:50:29.656Z"}}, {"model": "sessions.session", "pk": "1hav80dl25p34jh0ed4zz3veyqqwg08l", "fields": {"session_data": "eyJjYXJ0Ijp7fX0:1tbG6D:b63aIPLOJlPf7cod2_JmQDGC0tCFmnEafxCX1GsKeFs", "expire_date": "2025-02-07T09:35:37.469Z"}}, {"model": "sessions.session", "pk": "1i3knxdzacd6ivco1f12bsxhu4b9z38a", "fields": {"session_data": "eyJjYXJ0Ijp7fX0:1tbKQj:9X0aO1Pyq9LBN9qxWDJneJFABB89ilLuPQLM15qamAA", "expire_date": "2025-02-07T14:13:05.120Z"}}, {"model": "sessions.session", "pk": "3avtmd9ktapoo09mn1ji39ucjc0tg42s", "fields": {"session_data": "eyJjYXJ0Ijp7fX0:1tbHPF:96f09_fVkq5ygdWu8KBeuHlXBkTA8Driy5p9zeu9MNs", "expire_date": "2025-02-07T10:59:21.444Z"}}, {"model": "sessions.session", "pk": "4tx2b4g7bh3firvgu5u3pgeinmvaij9h", "fields": {"session_data": "eyJjYXJ0Ijp7fX0:1tbKDN:SnLXQ-7Ewg1_EUjA1QmHCPrU0G1-dG8iL4zvLBnSu1c", "expire_date": "2025-02-07T13:59:17.581Z"}}, {"model": "sessions.session", "pk": "54wt0kkkpuot3imfz3chujqa5x7s8hrv", "fields": {"session_data": "eyJjYXJ0Ijp7fX0:1tbNri:4iMHzHbgaBs-inSuRstIngpTKF0ivE9alrHTwQ44Klc", "expire_date": "2025-02-07T17:53:10.959Z"}}, {"model": "sessions.session", "pk": "5i3ba997qm2eg3ezmau575s8v4lr0qim", "fields": {"session_data": "eyJjYXJ0Ijp7fX0:1tbHQb:9e35U8MA-jrmEEd-10HEEVK0fca2-_yo2PTxhsfiM30", "expire_date": "2025-02-07T11:00:45.979Z"}}, {"model": "sessions.session", "pk": "5tmm48tzmqmxnhuluzb8gveku0l5spl1", "fields": {"session_data": "eyJjYXJ0Ijp7fX0:1tbHsn:2bfbgg8NRyPq8j_yRraffUg6a5_uMyz3OT1INNb5UZo", "expire_date": "2025-02-07T11:29:53.231Z"}}, {"model": "sessions.session", "pk": "5v3txim050j0glimum9r7yvegr1zzog0", "fields": {"session_data": "eyJjYXJ0Ijp7fX0:1tbJog:5Yty1KKG4zA8uC8y1QUsKHvJqKtrs1F1M8IaZSI1MdA", "expire_date": "2025-02-07T13:33:46.168Z"}}, {"model": "sessions.session", "pk": "5xj602hr4yh2dxkc2lngqrsvzvfg1hci", "fields": {"session_data": "eyJjYXJ0Ijp7fX0:1tbG5a:Wwvq482tdAH5F4l5_4zWGiZGnxo15V2AK7GTE7y3wPQ", "expire_date": "2025-02-07T09:34:58.315Z"}}, {"model": "sessions.session", "pk": "6yxdb6hyfnwefyh86l204lly7axtrrk3", "fields": {"session_data": "eyJjYXJ0Ijp7fX0:1tbGVl:4SHbwC1rDwqx9bU9tyUux4TecU48Fw3AlXgAgdt1jK4", "expire_date": "2025-02-07T10:02:01.671Z"}}, {"model": "sessions.session", "pk": "76z9guxbensmns0fqj4utza02ng928cn", "fields": {"session_data": ".eJxVjEEOgyAQRe8y64YAgyAuu-8ZzMCMxbbRRHRlvHtj4sbtf-_9HTItK3T78YCetrX0W5WlHxk6MHDbEuWvTCfgD03vWeV5WpcxqVNRF63qNbP8npd7OyhUy1mjiR6HgNpICg0PFBsjFpMXn0LrnNNZRLdCbINGZt9YHqwlzuQjOjj-JeM7SA:1tbFQd:MnOBrVxBPLXSzg1QV_SM22F8cRdJUB1KbbsylkYMa-0", "expire_date": "2025-02-07T08:52:39.514Z"}}, {"model": "sessions.session", "pk": "772a54bid83dv0xl2qe151t2b4lnqa11", "fields": {"session_data": "eyJjYXJ0Ijp7fX0:1tbIsc:00AX3cH95sSXkFKVpfXBsDQqpXgrKW8zd-x6ZB5tBuM", "expire_date": "2025-02-07T12:33:46.988Z"}}, {"model": "sessions.session", "pk": "7kwkaghudthx6e3uyhyvrpea8n15yvam", "fields": {"session_data": "eyJjYXJ0Ijp7fX0:1tbGKi:ihYqF6vUB2e-rtY1c_1Fl8lpHmO5-CQNYlLKn7jydgs", "expire_date": "2025-02-07T09:50:36.920Z"}}, {"model": "sessions.session", "pk": "7wfrqxl28b9d250zwamqd7v472letcav", "fields": {"session_data": "eyJjYXJ0Ijp7fX0:1tbQ9b:STpk-VFarKp0FIZGN1v771MK7DqUrj3KYRxB5jfGKBE", "expire_date": "2025-02-07T20:19:47.692Z"}}, {"model": "sessions.session", "pk": "8i1qkpvrvxpm897lqj7n17335i1m9c8b", "fields": {"session_data": "eyJjYXJ0Ijp7fX0:1tbS74:Xgn0zvuakWe4R5YyMCESPesPkxxOdha8w1MsdMoLgwY", "expire_date": "2025-02-07T22:25:18.098Z"}}, {"model": "sessions.session", "pk": "938sz72kjh0c1swp17xbs2q51m709vdr", "fields": {"session_data": "eyJjYXJ0Ijp7fX0:1tbPen:fySDxDa8iQL8agZIIX5Gr03zpOJyfn1RUh_mkbFjPYQ", "expire_date": "2025-02-07T19:47:57.628Z"}}, {"model": "sessions.session", "pk": "976q690u1si707s1xtpl81v18c29fakt", "fields": {"session_data": "eyJjYXJ0Ijp7fX0:1tbKDJ:s_8Gx0TnI0P5dKAdT396nk4DVb31Q9-izEZhobhobRY", "expire_date": "2025-02-07T13:59:13.433Z"}}, {"model": "sessions.session", "pk": "9a5gi73o7s9y836zefs9detsynvcmoz6", "fields": {"session_data": "eyJjYXJ0Ijp7fX0:1tbHMR:HN472KyMW9sCd6tZPIRtUbaua1sOa7-j5SgpMWeHpsE", "expire_date": "2025-02-07T10:56:27.017Z"}}, {"model": "sessions.session", "pk": "9dscqpwdhpmt9z9k4movhp8botk77hwe", "fields": {"session_data": "eyJjYXJ0Ijp7fX0:1tbIv3:ZikfxDnQcZbUlvwpdiBxmjmIBKVxylsTDFKfIJmcT2w", "expire_date": "2025-02-07T12:36:17.274Z"}}, {"model": "sessions.session", "pk": "9meobqrqqq6q4ksw6lit9jgbs1zv9ryg", "fields": {"session_data": "eyJjYXJ0Ijp7fX0:1tbLnI:Gw25FzOkMkSDsmSkY0OKZLVvsjKW-OKEQYCE6GHSiNI", "expire_date": "2025-02-07T15:40:28.182Z"}}, {"model": "sessions.session", "pk": "a352xep3rzrsanakgo8n735h01muj37k", "fields": {"session_data": "eyJjYXJ0Ijp7fX0:1tbJnO:bIZo7fthtDrVI-LcxmFPOd5N5iF3MM7PMABX1-q0mJ4", "expire_date": "2025-02-07T13:32:26.472Z"}}, {"model": "sessions.session", "pk": "a5t13tycvgp3v8wuo42mrjnamdwpxclg", "fields": {"session_data": "eyJjYXJ0Ijp7fX0:1tbSwF:BC_d5w6c-m3FS8sI6IqNvyEEBy_jZ6F3Pn4ZfHkdpC4", "expire_date": "2025-02-07T23:18:11.079Z"}}, {"model": "sessions.session", "pk": "b7ps0toa3j5rre7zirs36e0k8j2q9k0c", "fields": {"session_data": "eyJjYXJ0Ijp7fX0:1tbG62:8O6BZysy28DgBKjr-OKXWsk1MuAqkKmUeWhkTpcO5OA", "expire_date": "2025-02-07T09:35:26.958Z"}}, {"model": "sessions.session", "pk": "bh9jn8lu6crl0f0nfl08yfrj93m1sevc", "fields": {"session_data": "eyJjYXJ0Ijp7fX0:1tbH5m:iSFCQyY6mrj7ApVaKAurDvp1MbvBsV8Js-IhIYD7lRs", "expire_date": "2025-02-07T10:39:14.598Z"}}, {"model": "sessions.session", "pk": "br4ueekk9ukbrnod2n5m8ai189dn902a", "fields": {"session_data": "eyJjYXJ0Ijp7fX0:1tbKzU:XYqS-ZWH3NZIuJhAWWbcEINFK5cLMY8rThbDAs9PxPU", "expire_date": "2025-02-07T14:49:00.653Z"}}, {"model": "sessions.session", "pk": "bwczxz5xokyyjzii860c22ytu88et9jh", "fields": {"session_data": "eyJjYXJ0Ijp7fX0:1tbWeq:n4TcHhdiuD03viJMMthQ8UGISk4o6EpQr7l6mUXpQzY", "expire_date": "2025-02-08T03:16:28.647Z"}}, {"model": "sessions.session", "pk": "bxjaubcblnat2z6zjrs7wz8pk7avsdlj", "fields": {"session_data": "eyJjYXJ0Ijp7fX0:1tbHsi:_mqzaOEPduxDevuMLKFY-WVXC4rzkO06evU2hU0IYmw", "expire_date": "2025-02-07T11:29:48.725Z"}}, {"model": "sessions.session", "pk": "dtlgegocx7q8ydcyfo9lxwceffed4r7n", "fields": {"session_data": "eyJjYXJ0Ijp7fX0:1tbGKF:1nUj5SL-BB9SKCyhiNb5rQ5_60p1qk5FmxIjU7j_9JE", "expire_date": "2025-02-07T09:50:07.376Z"}}, {"model": "sessions.session", "pk": "dzw23qcx06s3g6hldr20e6t09jmzldlx", "fields": {"session_data": "eyJjYXJ0Ijp7fX0:1tbJn4:DVTimqhdrzw4JBuHF7yfmj8WxftPRi6jfamuNH4jBqE", "expire_date": "2025-02-07T13:32:06.567Z"}}, {"model": "sessions.session", "pk": "elyjfg7il1hdo0go61ds6rau7p5nex75", "fields": {"session_data": "eyJjYXJ0Ijp7fX0:1tbPen:fySDxDa8iQL8agZIIX5Gr03zpOJyfn1RUh_mkbFjPYQ", "expire_date": "2025-02-07T19:47:57.629Z"}}, {"model": "sessions.session", "pk": "fdlw6kdzpuhcys5wa6nw6wphkbis028t", "fields": {"session_data": "eyJjYXJ0Ijp7fX0:1tbHQR:XuQ03yQuTElf1YGcwCurAXGhr42DFeOQFZ0p1dBfGew", "expire_date": "2025-02-07T11:00:35.532Z"}}, {"model": "sessions.session", "pk": "g6rxk5vyvysvz7ohs47p3rcvwtdeqd82", "fields": {"session_data": "eyJjYXJ0Ijp7fX0:1tbKQS:efQAgqqf9fPjzX-qk_Ohrmv4XfO1o4mMrc-Bx-V_amI", "expire_date": "2025-02-07T14:12:48.397Z"}}, {"model": "sessions.session", "pk": "g8i8wu7ampczhbxlaiezldmd2zvqiv0a", "fields": {"session_data": "eyJjYXJ0Ijp7fX0:1tbLja:K5MW2cjdy8sTWt7o5T3svpaK4jPQBY5DjZf6IpbXaU8", "expire_date": "2025-02-07T15:36:38.073Z"}}, {"model": "sessions.session", "pk": "gcvz1fpsvtmfslr9dgnfvfjdlk8hli4p", "fields": {"session_data": "eyJjYXJ0Ijp7fX0:1tbG5q:mtFwFLXBDFHfEimOcF-UCDIjlu12bi-Qz2g8RmhKyLc", "expire_date": "2025-02-07T09:35:14.642Z"}}, {"model": "sessions.session", "pk": "gf7c9efcwcqz5h9qh5d3hvln31hk6c3o", "fields": {"session_data": "eyJjYXJ0Ijp7fX0:1tbKyb:Rkwd4w2zSn6WuiVGZmqdeyudQWjz_ckbUFISdsqjc-E", "expire_date": "2025-02-07T14:48:05.893Z"}}, {"model": "sessions.session", "pk": "gfhn69ijeu1jy5i699bz2ls5n9y6ids8", "fields": {"session_data": "eyJjYXJ0Ijp7fX0:1tbRbc:fgSvdbiDzgCFhF1op7d9Cx1AvTmgtLDKJUk3Z0_3bSY", "expire_date": "2025-02-07T21:52:48.906Z"}}, {"model": "sessions.session", "pk": "gybo42579ohtvoag70ui9q6wmw68mxvr", "fields": {"session_data": "eyJjYXJ0Ijp7fX0:1tbKzk:YTWXXnCPgGxY6JN4sAXZsoSC81wFueJEwGTVe97gXO8", "expire_date": "2025-02-07T14:49:16.291Z"}}, {"model": "sessions.session", "pk": "ickd487gihtt8qtu2uyo2k8m1utu2shn", "fields": {"session_data": "eyJjYXJ0Ijp7fX0:1tbKDG:n7kZkS503ZKQ3qT6mkLIUcZ2NJHi63pudOpjwMaU3IY", "expire_date": "2025-02-07T13:59:10.741Z"}}, {"model": "sessions.session", "pk": "ipu20gwuecw1qige19rjbkuhylea46qi", "fields": {"session_data": "eyJjYXJ0Ijp7fX0:1tbG6C:1lg4HRXDa9jTzSs-O8uVuKmZaZT2RV09BHlhqBJt7eg", "expire_date": "2025-02-07T09:35:36.638Z"}}, {"model": "sessions.session", "pk": "irld3fbicz6p3f4osz6ss7t8b4xkh9cr", "fields": {"session_data": "eyJjYXJ0Ijp7fX0:1tbGAG:QVRb1CWdAESn-OBHNkalyMsOGjQSjWmoudJw2VL6KXA", "expire_date": "2025-02-07T09:39:48.584Z"}}, {"model": "sessions.session", "pk": "j6vebg8ka08jnkp5e8qrfy49cprh5mtb", "fields": {"session_data": ".eJxVjEEOgyAQRe8y64YAgyAuu-8ZzMCMxbbRRHRlvHtj4sbtf-_9HTItK3T78YCetrX0W5WlHxk6MHDbEuWvTCfgD03vWeV5WpcxqVNRF63qNbP8npd7OyhUy1mjiR6HgNpICg0PFBsjFpMXn0LrnNNZRLdCbINGZt9YHqwlzuQjOjj-JeM7SA:1tbI5m:X3246svFZI5WUaTLnSykSvuBCT60vzXI5XJn3fQepC8", "expire_date": "2025-02-07T11:43:18.008Z"}}, {"model": "sessions.session", "pk": "jakbiv4vydgmj05l65479i3j0lsou3ad", "fields": {"session_data": "eyJjYXJ0Ijp7fX0:1tbGKE:yGis7qLSaXu3hMOwD5GRVqeaqV8HQhfyet5I7BlHl1M", "expire_date": "2025-02-07T09:50:06.392Z"}}, {"model": "sessions.session", "pk": "k2xpipma0sxcrt9hmux7v1aoi8bcllh9", "fields": {"session_data": "eyJjYXJ0Ijp7fX0:1tbIsJ:_bNPOapvYCK8tGPYisy6hEOHZgKjiQn_3zvz5RPTJq0", "expire_date": "2025-02-07T12:33:27.870Z"}}, {"model": "sessions.session", "pk": "l45wa2816qfc1vfsloa2bo9t90alorul", "fields": {"session_data": "eyJjYXJ0Ijp7fX0:1tbKzl:uM6nHJjOUTjX7awwF2L7nvYOWVtvXdvv7sSHI4JAEp0", "expire_date": "2025-02-07T14:49:17.064Z"}}, {"model": "sessions.session", "pk": "lzevfptwf8xunl0h4yoxoni3sfjpvn43", "fields": {"session_data": "eyJjYXJ0Ijp7fX0:1tbGAO:YaLNbTrso0IG3R76bfhH2od5sC0zT2eVYZ2mdeTW20Q", "expire_date": "2025-02-07T09:39:56.966Z"}}, {"model": "sessions.session", "pk": "m2tgyxarsvxo6075r2tbayjctofixb9j", "fields": {"session_data": "eyJjYXJ0Ijp7fX0:1tbKzz:zx68pHiEvzF1vxigtkUNrECCvh96ip1Y5PYm40qQxjw", "expire_date": "2025-02-07T14:49:31.958Z"}}, {"model": "sessions.session", "pk": "m9k7n6u67emg29fcye1ovrpcsxxadw08", "fields": {"session_data": "eyJjYXJ0Ijp7fX0:1tbLBC:bOi15dHw2I66MWWi8IeCC9bDJfvKEP4FbR7ksg-MAvo", "expire_date": "2025-02-07T15:01:06.791Z"}}, {"model": "sessions.session", "pk": "mbksw08smkpdwapc0gut4rg3z693fdne", "fields": {"session_data": "eyJjYXJ0Ijp7fX0:1tbJoM:akmaSKk3PYsbWnRmbQ_cwqLH2Tf0dtVkbHXBOsXCAMU", "expire_date": "2025-02-07T13:33:26.515Z"}}, {"model": "sessions.session", "pk": "myfhz3bxdpt6rvpthxmpwmo76pla79t3", "fields": {"session_data": "eyJjYXJ0Ijp7fX0:1tbNSe:X8CQm4TWHF56tviskCxmSa1oIg1I3h1vg2bMFb5_-8o", "expire_date": "2025-02-07T17:27:16.117Z"}}, {"model": "sessions.session", "pk": "ooyqu6vlvkyb0poz6cprlihb21ygjb5w", "fields": {"session_data": "eyJjYXJ0Ijp7fX0:1tbKzg:gxKSB8WB2BkM1m3aFVD2ZHIF3_EUANObdkYjboZGnMo", "expire_date": "2025-02-07T14:49:12.333Z"}}, {"model": "sessions.session", "pk": "p42mbhr5jlrnvv9deepkdjevsmo0u3s7", "fields": {"session_data": "eyJjYXJ0Ijp7fX0:1tbGKa:OSFHFksDPqjW_5rNoVr2OCkHf391DjzyiF5t67QJ26s", "expire_date": "2025-02-07T09:50:28.723Z"}}, {"model": "sessions.session", "pk": "pif9trmme2rg0pr2klkxhodgz518bw7h", "fields": {"session_data": "eyJjYXJ0Ijp7fX0:1tbKy0:ObT9vCyZMIsdcW1tte16rLGRzukhKNv8-12EWHt679k", "expire_date": "2025-02-07T14:47:28.458Z"}}, {"model": "sessions.session", "pk": "pxhm8mwgpg0uhql45omplf21vvbaimp0", "fields": {"session_data": "eyJjYXJ0Ijp7fX0:1tbNrw:vJho9F6e-Dt-8E1eSE5XAPFmEjdijnQtZADxjVxqW84", "expire_date": "2025-02-07T17:53:24.776Z"}}, {"model": "sessions.session", "pk": "reure1ycu735jj4byed33x5onho9ndhf", "fields": {"session_data": "eyJjYXJ0Ijp7fX0:1tbHsU:UmfwtRf8gUtsc6UnoX4swGYHL8_ps73LMcJbJFFq6T0", "expire_date": "2025-02-07T11:29:34.739Z"}}, {"model": "sessions.session", "pk": "rkpls3b1mr2dn9viry5jw3q21qtwdhft", "fields": {"session_data": "eyJjYXJ0Ijp7fX0:1tbLJR:YkkDqp2TYJovald-BG3u6WsZEKM1znpW3l0jupCp-3o", "expire_date": "2025-02-07T15:09:37.529Z"}}, {"model": "sessions.session", "pk": "rtx4xh5ami6vvjlo6mhkd7pidpfjgtav", "fields": {"session_data": "eyJjYXJ0Ijp7fX0:1tbGCR:D8DjpSgcRYywyPwX6nVndqsjzF9OsLDuoYCwku6cbQE", "expire_date": "2025-02-07T09:42:03.147Z"}}, {"model": "sessions.session", "pk": "s0cv5lb0v8a2sqqxgium5eq88mrfv3qp", "fields": {"session_data": "eyJjYXJ0Ijp7fX0:1tbKDQ:FkKRDWk2yojsD7-iCzoDkce8TusizlW3JSZVHDwLzW8", "expire_date": "2025-02-07T13:59:20.190Z"}}, {"model": "sessions.session", "pk": "s2ifcp022ty3k6ac40y8f84omsftqlfk", "fields": {"session_data": "eyJjYXJ0Ijp7fX0:1tbJp5:psFd4ay0FeGGgue7yaDob7kEtcFCqB8XIKGk54b3ucM", "expire_date": "2025-02-07T13:34:11.572Z"}}, {"model": "sessions.session", "pk": "t440oocwkcu7rrad0ck6y1v82bazgv7c", "fields": {"session_data": "eyJjYXJ0Ijp7fX0:1tbKz9:pV2GBYioASj9TVCeqJ_YTjorU1N6KnTU5L8PrC0BFsI", "expire_date": "2025-02-07T14:48:39.361Z"}}, {"model": "sessions.session", "pk": "ta2ajpvzels7w0rwybgfeh07043zdgox", "fields": {"session_data": "eyJjYXJ0Ijp7fX0:1tbPen:fySDxDa8iQL8agZIIX5Gr03zpOJyfn1RUh_mkbFjPYQ", "expire_date": "2025-02-07T19:47:57.818Z"}}, {"model": "sessions.session", "pk": "uhzq8g44e0rv6ja2e8rdvuij9dwb4eqh", "fields": {"session_data": "eyJjYXJ0Ijp7fX0:1tbLCy:HzrBck78MC14Cz8IuQ0BcaA_tlCMa2dheUPplU07bc0", "expire_date": "2025-02-07T15:02:56.586Z"}}, {"model": "sessions.session", "pk": "ujuqbj5u3w1sr3ojvaqkhtkr5qzc1ge4", "fields": {"session_data": "eyJjYXJ0Ijp7fX0:1tbGKM:Cgl6zMCgLbrXssnB-puMWOacSZXQ1GpNRvLwJi-hvLg", "expire_date": "2025-02-07T09:50:14.661Z"}}, {"model": "sessions.session", "pk": "v31zyhxjh30uvcdd2nlswmrbrjv9y6ji", "fields": {"session_data": "eyJjYXJ0Ijp7fX0:1tbG5Z:_kWq0oRz2LSxYYGrYyrmiau_mWM9X0SJ5OffWtDo3Ro", "expire_date": "2025-02-07T09:34:57.768Z"}}, {"model": "sessions.session", "pk": "vuym5c1ouw1hu5q1zyy4udvv48z6w0ci", "fields": {"session_data": "eyJjYXJ0Ijp7fX0:1tbLp3:FHaaqXtbDYWYcLNTt-Pvir0XgQ-n2pcOL3m9BFu_osg", "expire_date": "2025-02-07T15:42:17.597Z"}}, {"model": "sessions.session", "pk": "wqxbw3agpc33ilksl6v67xbvx3znq7zo", "fields": {"session_data": "eyJjYXJ0Ijp7IjEiOnsicXVhbnRpdHkiOjEsInNhbGVfcHJpY2UiOiIxNDk5LjAwIn19fQ:1tbH56:WM0d7fDwvwbWXhvkvYkQFDMESZAZfCTS89f7uY1aDgQ", "expire_date": "2025-02-07T10:38:32.934Z"}}, {"model": "sessions.session", "pk": "wsckeyqy6n8ww18cuzmuj8lqvirzbfdh", "fields": {"session_data": "eyJjYXJ0Ijp7fX0:1tbDKP:FzZXZublJZPvOqRGuY-vYpZnVLkTnKJRIkFvz5FAc88", "expire_date": "2025-02-07T06:38:05.075Z"}}, {"model": "sessions.session", "pk": "xh28mnglnycfwu3xuhxhe6ujwfttcner", "fields": {"session_data": "eyJjYXJ0Ijp7fX0:1tbPch:R48XAfmNxX8IL1cpLSB4408Ssz8nyqZUemJ9fqd_zzQ", "expire_date": "2025-02-07T19:45:47.347Z"}}, {"model": "sessions.session", "pk": "xtjiutu5zh8b8iy48w53hfpcgoaxe8eg", "fields": {"session_data": "eyJjYXJ0Ijp7fX0:1tbIuj:alPm_zgE7c2hSsrfJPNGHRncKcpwMp-Df4NN5a7niSA", "expire_date": "2025-02-07T12:35:57.021Z"}}, {"model": "sessions.session", "pk": "xwu5hu4iq5rb8xp2af9ktwryke2x6dbk", "fields": {"session_data": "eyJjYXJ0Ijp7fX0:1tbLBc:TU5jcMzfIm3ruk2jgLlvaDKWvUbFUjCpP4pgA9Ei4uo", "expire_date": "2025-02-07T15:01:32.691Z"}}, {"model": "sessions.session", "pk": "y4w9r6qs6rl5xl0q1h382vipgzj8fkca", "fields": {"session_data": "eyJjYXJ0Ijp7fX0:1tbKyZ:QclA8p50i8Rkszm9qvzGNt19rPSKn2HQPJ98TPVXd2g", "expire_date": "2025-02-07T14:48:03.055Z"}}, {"model": "sessions.session", "pk": "yr3hay9cd8aj9hx1vqneeuf60mjozeh8", "fields": {"session_data": "eyJjYXJ0Ijp7fX0:1tbHQb:9e35U8MA-jrmEEd-10HEEVK0fca2-_yo2PTxhsfiM30", "expire_date": "2025-02-07T11:00:45.952Z"}}, {"model": "sessions.session", "pk": "zx3vid957ihxywm91khw1lb0oc4jsm4u", "fields": {"session_data": "eyJjYXJ0Ijp7fX0:1tbKyg:D7VUZ9rifDgAaKxEotgT2Arp6A9OGD8B4VcTSG0a-Sk", "expire_date": "2025-02-07T14:48:10.581Z"}}, {"model": "products.slider", "pk": 1, "fields": {"title": "wedding", "image": "slider/kmt-banner.jpg", "mobile_image": "slider/kmt-banner_vbtfXtK.jpg", "category": 3, "is_active": true}}, {"model": "products.slider", "pk": 2, "fields": {"title": "wedding", "image": "slider/1920_x1040_-_Main_Banner_-_04.webp", "mobile_image": "slider/1920_x1040_-_Main_Banner_-_04_jTIGz5i.webp", "category": 3, "is_active": true}}, {"model": "products.category", "pk": 1, "fields": {"name": "kids", "slug": "kids", "image": "categories/soi_desktop.jpg", "status": "Published"}}, {"model": "products.category", "pk": 2, "fields": {"name": "Men", "slug": "men", "image": "categories/Screenshot_from_2025-01-24_11-31-06.png", "status": "Published"}}, {"model": "products.category", "pk": 3, "fields": {"name": "Women", "slug": "women", "image": "categories/fcc663e152895424705abf584edf58d8.jpg", "status": "Published"}}, {"model": "products.festivalseason", "pk": 1, "fields": {"category": 3, "name": "Wedding collection", "slug": "wedding-collection-women", "banner_image": "subcategories/season/dad9e9ae-8ba2-47f8-9ce2-3c1c18155111.jpg", "status": "Published"}}, {"model": "products.festivalseason", "pk": 2, "fields": {"category": 2, "name": "Wedding collection", "slug": "wedding-collection-men", "banner_image": "subcategories/season/1e264085-baef-46aa-a1cf-ab2cd8f36d51.jpg", "status": "Published"}}, {"model": "products.subcategory", "pk": 1, "fields": {"category": 3, "name": "Floral Craft", "slug": "floral-craft", "image": "subcategories/25934d95af7ddbf1147d935213efc11f.jpg", "status": "Published", "is_display_sub_category": true}}, {"model": "products.subcategory", "pk": 2, "fields": {"category": 3, "name": "Silhouette", "slug": "silhouette", "image": "subcategories/6f0b1d02d796283bf1315704cc8c04b0.jpg", "status": "Published", "is_display_sub_category": true}}, {"model": "products.subcategory", "pk": 3, "fields": {"category": 2, "name": "Kurta", "slug": "kurta", "image": "subcategories/Untitled_10.png", "status": "Published", "is_display_sub_category": true}}, {"model": "products.product", "pk": 1, "fields": {"order": 1, "category": 3, "subcategory": null, "brands": null, "is_customisable": false, "name": "Red Kalamkari Lehenga", "slug": "red-kalamkari-lehenga", "sku": "lehanga-101", "details": "", "image": "products/Red_Kalamkari_Print_Tussar_Silk_Lehenga_Set_1.webp", "is_popular": true, "is_active": true, "is_sale": false, "is_seasonal": false, "meta_title": "", "meta_description": ""}}, {"model": "products.product", "pk": 2, "fields": {"order": 2, "category": 3, "subcategory": null, "brands": null, "is_customisable": false, "name": "Green Kalamkari Lehenga", "slug": "green-kalamkari-lehenga", "sku": "lehanga-102", "details": "", "image": "products/Green_Kalamkari_Lehenga_Set_1.webp", "is_popular": true, "is_active": true, "is_sale": false, "is_seasonal": false, "meta_title": "", "meta_description": ""}}, {"model": "products.product", "pk": 3, "fields": {"order": 3, "category": 3, "subcategory": null, "brands": null, "is_customisable": false, "name": "Off White Zari Lehenga", "slug": "off-white-zari-lehenga", "sku": "lehanga-103", "details": "", "image": "products/Off_White_Zari_Lehenga_Set_1_1.webp", "is_popular": true, "is_active": true, "is_sale": false, "is_seasonal": false, "meta_title": "", "meta_description": ""}}, {"model": "products.product", "pk": 4, "fields": {"order": 4, "category": 3, "subcategory": null, "brands": null, "is_customisable": false, "name": "Navy Blue Embroidered Lehenga", "slug": "navy-blue-embroidered-lehenga", "sku": "lehanga-104", "details": "", "image": "products/Navy_Blue_Embroidered_Lehenga_Set.webp", "is_popular": true, "is_active": true, "is_sale": false, "is_seasonal": false, "meta_title": "", "meta_description": ""}}, {"model": "products.product", "pk": 5, "fields": {"order": 5, "category": 3, "subcategory": null, "brands": null, "is_customisable": false, "name": "Black Mirror Thread  kurta", "slug": "black-mirror-thread-kurta", "sku": "kurta101", "details": "", "image": "products/Black_Mirror_Thread_Embroidered_Georgette_Kurta_Set_1.webp", "is_popular": true, "is_active": true, "is_sale": false, "is_seasonal": false, "meta_title": "", "meta_description": ""}}, {"model": "products.product", "pk": 6, "fields": {"order": 6, "category": 3, "subcategory": null, "brands": null, "is_customisable": false, "name": "Multicolour Printed Heavy Airtex", "slug": "multicolour-printed-heavy-airtex", "sku": "kurta102", "details": "", "image": "products/Multicolour_Printed_Heavy_Airtex_1.webp", "is_popular": false, "is_active": true, "is_sale": false, "is_seasonal": false, "meta_title": "", "meta_description": ""}}, {"model": "products.product", "pk": 7, "fields": {"order": 7, "category": 3, "subcategory": null, "brands": null, "is_customisable": false, "name": "Rani Pink Embroidered Gold Kurta", "slug": "rani-pink-embroidered-gold-kurta", "sku": "kurta103", "details": "", "image": "products/Rani_Pink_Embroidered_Gold.webp", "is_popular": true, "is_active": true, "is_sale": false, "is_seasonal": false, "meta_title": "", "meta_description": ""}}, {"model": "products.product", "pk": 8, "fields": {"order": 8, "category": 3, "subcategory": null, "brands": null, "is_customisable": false, "name": "Black Foil Print Georgette Kurta", "slug": "black-foil-print-georgette-kurta", "sku": "kurta104", "details": "", "image": "products/Black_Foil_Print_Georgette_Kurta_Set_.webp", "is_popular": true, "is_active": true, "is_sale": false, "is_seasonal": false, "meta_title": "", "meta_description": ""}}, {"model": "products.product", "pk": 9, "fields": {"order": 9, "category": 2, "subcategory": null, "brands": null, "is_customisable": false, "name": "Blue Embellished Sherwani", "slug": "blue-embellished-sherwani", "sku": "sherwani101", "details": "", "image": "products/Blue_Embellished_Sherwani_Set_For_Men.webp", "is_popular": true, "is_active": true, "is_sale": false, "is_seasonal": false, "meta_title": "", "meta_description": ""}}, {"model": "products.product", "pk": 10, "fields": {"order": 10, "category": 2, "subcategory": null, "brands": null, "is_customisable": false, "name": "Grey Embroidered Sherwani", "slug": "grey-embroidered-sherwani", "sku": "sherwani102", "details": "", "image": "products/Grey_Embroidered_Sherwani_Set_For_Men.webp", "is_popular": true, "is_active": true, "is_sale": false, "is_seasonal": false, "meta_title": "", "meta_description": ""}}, {"model": "products.product", "pk": 11, "fields": {"order": 11, "category": 2, "subcategory": null, "brands": null, "is_customisable": false, "name": "Off White Hand Embroidered Shehjada Sherwani", "slug": "off-white-hand-embroidered-shehjada-sherwani", "sku": "sherwani103", "details": "", "image": "products/Off_White_Hand_Embroidered_Shehjada_Sherwani_Set_For_Men.webp", "is_popular": true, "is_active": true, "is_sale": false, "is_seasonal": false, "meta_title": "", "meta_description": ""}}, {"model": "products.product", "pk": 12, "fields": {"order": 12, "category": 2, "subcategory": null, "brands": null, "is_customisable": false, "name": "Pale Olive Rang Mahal Embroidered Linen Satin Sherwani And Kurta", "slug": "pale-olive-rang-mahal-embroidered-linen-satin-sher", "sku": "sherwani104", "details": "", "image": "products/Pale_Olive_Rang_Mahal_Embroidered_Linen_Satin_Sherwani_And_Kurta_Set_For_Men.webp", "is_popular": true, "is_active": true, "is_sale": false, "is_seasonal": false, "meta_title": "", "meta_description": ""}}, {"model": "products.productimage", "pk": 1, "fields": {"product": 1, "image": "products/Red_Kalamkari_Print_Tussar_Silk_Lehenga_Set_1_lmNwqUI.webp", "color": null}}, {"model": "products.productimage", "pk": 2, "fields": {"product": 2, "image": "products/Green_Kalamkari_Lehenga_Set_1_jE5wORC.webp", "color": null}}, {"model": "products.productimage", "pk": 3, "fields": {"product": 4, "image": "products/Navy_Blue_Embroidered_Lehenga_Set_Xl6yivT.webp", "color": null}}, {"model": "products.productimage", "pk": 4, "fields": {"product": 6, "image": "products/Multicolour_Printed_Heavy_Airtex_1_v7Q3zca.webp", "color": null}}, {"model": "products.productimage", "pk": 5, "fields": {"product": 7, "image": "products/Rani_Pink_Embroidered_Gold_2Kaji00.webp", "color": null}}, {"model": "products.productimage", "pk": 6, "fields": {"product": 8, "image": "products/Black_Foil_Print_Georgette_Kurta_Set__EMB7k7l.webp", "color": null}}, {"model": "products.productimage", "pk": 7, "fields": {"product": 9, "image": "products/Blue_Embellished_Sherwani_Set_For_Men_ztJuNsX.webp", "color": null}}, {"model": "products.productimage", "pk": 8, "fields": {"product": 10, "image": "products/Grey_Embroidered_Sherwani_Set_For_Men_rT0flnL.webp", "color": null}}, {"model": "products.productimage", "pk": 9, "fields": {"product": 11, "image": "products/Off_White_Hand_Embroidered_Shehjada_Sherwani_Set_For_Men_4Jss4Ga.webp", "color": null}}, {"model": "products.productimage", "pk": 10, "fields": {"product": 12, "image": "products/Pale_Olive_Rang_Mahal_Embroidered_Linen_Satin_Sherwani_And_Kurta_Set_For_Men_zHsx6tI.webp", "color": null}}, {"model": "products.availablesize", "pk": 1, "fields": {"product": 1, "unit": "M", "sale_price": "1499.00", "regular_price": "1699.00", "is_stock": true}}, {"model": "products.availablesize", "pk": 2, "fields": {"product": 2, "unit": "M", "sale_price": "999.00", "regular_price": "1199.00", "is_stock": true}}, {"model": "products.availablesize", "pk": 3, "fields": {"product": 3, "unit": "M", "sale_price": "1299.00", "regular_price": "1399.00", "is_stock": true}}, {"model": "products.availablesize", "pk": 4, "fields": {"product": 4, "unit": "L", "sale_price": "999.00", "regular_price": "1099.00", "is_stock": true}}, {"model": "products.availablesize", "pk": 5, "fields": {"product": 5, "unit": "L", "sale_price": "1399.00", "regular_price": "1499.00", "is_stock": true}}, {"model": "products.availablesize", "pk": 6, "fields": {"product": 6, "unit": "XL", "sale_price": "1499.00", "regular_price": "1599.00", "is_stock": true}}, {"model": "products.availablesize", "pk": 7, "fields": {"product": 7, "unit": "M", "sale_price": "899.00", "regular_price": "999.00", "is_stock": true}}, {"model": "products.availablesize", "pk": 8, "fields": {"product": 8, "unit": "M", "sale_price": "999.00", "regular_price": "1199.00", "is_stock": true}}, {"model": "products.availablesize", "pk": 9, "fields": {"product": 9, "unit": "L", "sale_price": "799.00", "regular_price": "899.00", "is_stock": true}}, {"model": "products.availablesize", "pk": 10, "fields": {"product": 10, "unit": "L", "sale_price": "1399.00", "regular_price": "1499.00", "is_stock": true}}, {"model": "products.availablesize", "pk": 11, "fields": {"product": 11, "unit": "XL", "sale_price": "1349.00", "regular_price": "1599.00", "is_stock": true}}, {"model": "products.availablesize", "pk": 12, "fields": {"product": 12, "unit": "M", "sale_price": "1499.00", "regular_price": "1699.00", "is_stock": true}}]