[{"model": "admin_interface.theme", "pk": 1, "fields": {"name": "Django", "active": true, "title": "Django administration", "title_color": "#F5DD5D", "title_visible": true, "logo": "", "logo_color": "#FFFFFF", "logo_max_width": 400, "logo_max_height": 100, "logo_visible": true, "favicon": "", "env_name": "", "env_color": "#E74C3C", "env_visible_in_header": true, "env_visible_in_favicon": true, "language_chooser_active": true, "language_chooser_control": "default-select", "language_chooser_display": "code", "css_header_background_color": "#0C4B33", "css_header_text_color": "#44B78B", "css_header_link_color": "#FFFFFF", "css_header_link_hover_color": "#C9F0DD", "css_module_background_color": "#44B78B", "css_module_background_selected_color": "#FFFFCC", "css_module_text_color": "#FFFFFF", "css_module_link_color": "#FFFFFF", "css_module_link_selected_color": "#FFFFFF", "css_module_link_hover_color": "#C9F0DD", "css_module_rounded_corners": true, "css_generic_link_color": "#0C3C26", "css_generic_link_hover_color": "#156641", "css_generic_link_active_color": "#29B864", "css_save_button_background_color": "#0C4B33", "css_save_button_background_hover_color": "#0C3C26", "css_save_button_text_color": "#FFFFFF", "css_delete_button_background_color": "#BA2121", "css_delete_button_background_hover_color": "#A41515", "css_delete_button_text_color": "#FFFFFF", "related_modal_active": true, "related_modal_background_color": "#000000", "related_modal_background_opacity": "0.3", "related_modal_rounded_corners": true, "related_modal_close_button_visible": true, "list_filter_highlight": true, "list_filter_dropdown": true, "list_filter_sticky": true, "list_filter_removal_links": false, "foldable_apps": true, "show_fieldsets_as_tabs": false, "show_inlines_as_tabs": false, "collapsible_stacked_inlines": false, "collapsible_stacked_inlines_collapsed": true, "collapsible_tabular_inlines": false, "collapsible_tabular_inlines_collapsed": true, "recent_actions_visible": true, "form_submit_sticky": false, "form_pagination_sticky": false}}, {"model": "auth.user", "pk": 1, "fields": {"password": "pbkdf2_sha256$720000$tz7GRbyeWqKNY1OPjAslZa$5LEqXr1lRzxBgTohDrE5e+sfma53DODzWSqCQ2YBZ5U=", "last_login": "2025-02-18T05:13:30.730Z", "is_superuser": true, "username": "admin", "first_name": "", "last_name": "", "email": "", "is_staff": true, "is_active": true, "date_joined": "2025-02-13T11:39:15.998Z", "groups": [], "user_permissions": []}}, {"model": "sessions.session", "pk": "dtb5ga1zgca42fidlqba8o11hbffggjn", "fields": {"session_data": ".eJxVjDkOgzAURO_y68jyFsemTJ8zoL_YMUkEEkuFuHtAoqEbzXszKzCOMzTrdoMWl7m2y5THthNowMClI-Rv7g8gH-zfg-Khn8eO1KGok07qNUj-PU_3clBxqvs6WsPodCkchYInsWQSaiYj4nLhB-m4R4-2OOu0TTnm4O-MIRHpFGH7A1MpO_k:1tkbpH:x_y_NRfIvp6__LDQHIizUtwh-XcY3xwAmIIS_iE3liE", "expire_date": "2025-03-05T04:36:47.321Z"}}, {"model": "sessions.session", "pk": "l66xk8kh7j4bkqexa2p1uno600ok6i5y", "fields": {"session_data": "eyJjYXJ0Ijp7IjUiOnsicXVhbnRpdHkiOjEsInNhbGVfcHJpY2UiOiIyMDAuMDAifX19:1tjz5W:T6qgLUIwj1hbZRFBctQTRW63iFmVo9NJL_If70ELw8U", "expire_date": "2025-03-03T11:14:58.351Z"}}, {"model": "sessions.session", "pk": "r9q88ab929n6so83vcvaj4f1cfnvc81x", "fields": {"session_data": ".eJxVjDkOgzAURO_y68jyFsemTJ8zoL_YMUkEEkuFuHtAoqEbzXszKzCOMzTrdoMWl7m2y5THthNowMClI-Rv7g8gH-zfg-Khn8eO1KGok07qNUj-PU_3clBxqvs6WsPodCkchYInsWQSaiYj4nLhB-m4R4-2OOu0TTnm4O-MIRHpFGH7A1MpO_k:1tiXzM:GFuy1ZCBe2EVZBTI7ekBzfIh0TVtfJ_C6MTS6w26uh4", "expire_date": "2025-02-27T12:06:40.891Z"}}, {"model": "sessions.session", "pk": "s6yr0uuvp28f4aswan99wj15x16rkh5l", "fields": {"session_data": ".eJyrVkpOLCpRsqpWMgQRhaWJeSWZJZVKVkY6SsWJOanxBUWZyalKVkqGBgZ6BgZKtTpKJqgKDXEorK0FADTcHDs:1tjzBI:nOGbIakrpu0MnTc2BxKgxKKwWXdLwmlJaCe11R9l5pY", "expire_date": "2025-03-03T11:20:56.749Z"}}, {"model": "sessions.session", "pk": "zxau9iypyj226k2qqenbp8qgu8c0vj1b", "fields": {"session_data": ".eJxVj7EOgzAMRP8lM4qcQGlg7N5viGwnKbRVaEMYKsS_N0gM7WKdfM8n3yosLnmwy-yTHZ3ohRLV746QHz7uhrtjvE2Sp5jTSHJH5OHO8jo5_7wc7F_AgPNQro1WjDWEwMZR25DTpDoEJuVc7QOfCUyRDepQ6xp0541vmxNj2xFBZ0ooY8qiX8uHZbwXjHnMH9GrSsz49PaVRvZ7AQAJILZt-wKggUfy:1tjxBs:vvfsXBEQZa8CZEhVEgAog-A4u6uXEdCHcVvRLJ0OmSk", "expire_date": "2025-03-03T09:13:24.576Z"}}, {"model": "web.contact", "pk": 1, "fields": {"name": "Jessamine Marquez", "email": "sojohorid@mailinator.com", "phone": "903712789", "subject": "Dolores dolorum sit tempor eum doloribus earum et explicabo", "message": "Reiciendis aliquam a", "timestamp": "2025-02-17T03:32:24.516Z"}}, {"model": "web.contact", "pk": 2, "fields": {"name": "Jessamine Marquez", "email": "sojohorid@mailinator.com", "phone": "903712789", "subject": "Dolores dolorum sit tempor eum doloribus earum et explicabo", "message": "Reiciendis aliquam a", "timestamp": "2025-02-17T03:32:24.516Z"}}, {"model": "web.testimonial", "pk": 1, "fields": {"name": "Aisha Rahman", "position": "Luxury Fragrance Collector", "description": "Balad Perfumes has completely redefined my fragrance experience. Each scent is a masterpiece—sophisticated, long-lasting, and truly unique. I always receive compliments when wearing them!", "timestamp": "2025-02-17T04:45:43.951Z"}}, {"model": "web.testimonial", "pk": 2, "fields": {"name": "Omar Khalid", "position": "Entrepreneur", "description": "I’ve tried many luxury perfumes, but Balad Perfumes stands out. The quality, the blend, and the lasting power are exceptional. It feels like wearing confidence in a bottle!", "timestamp": "2025-02-17T04:46:44.147Z"}}, {"model": "web.testimonial", "pk": 3, "fields": {"name": "Layla Hassan", "position": "Beauty Blogger", "description": "As someone who loves collecting perfumes, Balad Perfumes is now a staple in my collection. The scents are rich yet modern, making them perfect for any occasion!", "timestamp": "2025-02-17T04:47:31.718Z"}}, {"model": "web.testimonial", "pk": 4, "fields": {"name": "Mohammed Faisal", "position": "Corporate Executive", "description": "A perfect balance of tradition and innovation. Balad Perfumes offers a luxurious experience that lasts all day. I’ve finally found my signature scent!", "timestamp": "2025-02-17T04:47:53.927Z"}}, {"model": "web.testimonial", "pk": 5, "fields": {"name": "Nadia Karim", "position": "Fashion Stylist", "description": "The attention to detail in every fragrance is unmatched. From the elegant packaging to the exquisite scents, Balad Perfumes exudes pure luxury.", "timestamp": "2025-02-17T04:48:13.756Z"}}, {"model": "web.faq", "pk": 1, "fields": {"question": "What is Balad Perfumes?", "answer": "Balad Perfumes is a luxury fragrance brand that blends timeless traditions with modern sophistication to create high-quality, long-lasting perfumes."}}, {"model": "web.faq", "pk": 2, "fields": {"question": "Where is Balad Perfumes based?", "answer": "We are proudly based in [your location, if applicable], crafting premium fragrances inspired by rich heritage and contemporary elegance."}}, {"model": "web.faq", "pk": 3, "fields": {"question": "What ingredients are used in Balad Perfumes?", "answer": "We use high-quality, ethically sourced ingredients, including natural essential oils, floral extracts, and aromatic spices, to create captivating and long-lasting scents."}}, {"model": "web.faq", "pk": 4, "fields": {"question": "Are Balad Perfumes long-lasting?", "answer": "Yes, our perfumes are designed for longevity, using premium fragrance oils to ensure the scent lasts throughout the day."}}, {"model": "web.faq", "pk": 5, "fields": {"question": "Are your perfumes unisex?", "answer": "Yes, we offer a wide range of perfumes suitable for both men and women, along with unisex fragrances crafted for all preferences."}}, {"model": "web.faq", "pk": 6, "fields": {"question": "Where can I buy Balad Perfumes?", "answer": "You can purchase our fragrances directly from our website or through authorized retailers."}}, {"model": "web.faq", "pk": 7, "fields": {"question": "Do you offer international shipping?", "answer": "Yes, we offer worldwide shipping. Shipping times and costs vary depending on your location."}}, {"model": "web.blog", "pk": 1, "fields": {"title": "The Art of Crafting Timeless", "slug": "the-art-of-crafting-timeless", "meta_title": null, "meta_keywords": null, "meta_description": null, "auther": "admin", "date": "2025-02-17", "image": "blog/bg_6.png", "description": "<p data-start=\"84\" data-end=\"676\">At Balad Perfumes, fragrance is not merely a scent; it's a deep and intricate art form that connects us to our memories, emotions, and identity. Our perfumes are carefully crafted to represent timeless traditions, blending premium ingredients that offer both elegance and modern luxury. In this blog, we&rsquo;ll take you through the delicate and thoughtful process of creating perfumes that define confidence, grace, and individuality. Learn how each fragrance captures the essence of a moment, evoking emotions and offering a sensory journey that goes beyond the ordinary.</p>"}}, {"model": "order.order", "pk": 1, "fields": {"unique_transaction_id": null, "created": "2025-02-17T09:02:58.310Z", "updated": "2025-02-17T09:23:29.778Z", "order_id": "250217AC3425", "is_ordered": false, "completed_at": null, "payment_method": "OP", "user": null, "full_name": "Remedios Gallagher", "address_line_1": "138 South Nobel Road", "address_line_2": "Quos dicta ut inventore a esse voluptatem Dolorem aut non ducimus et", "state": "Nisi modi nostrum doloremque eius velit fugiat minima tenetur magna officia voluptates enim error dolore sit fuga Iure nostrud veniam", "district": "Quia officia adipisicing perferendis adipisicing aute illo officiis", "city": "Qui quo possimus est explicabo In", "pin_code": 673638, "mobile_no": "905657565", "alternative_no": null, "email": "kowirifi@mailinator.com", "subtotal": "100.00", "service_fee": "0.00", "shipping_fee": "0.00", "order_status": "Shipped", "payment_status": "Pending"}}, {"model": "products.slider", "pk": 1, "fields": {"title": "banner-2", "image": "slider/MARSHMALLOW-BLUSH-13-1_1_11zon_4WwtNf4.jpg", "mobile_image": "slider/MARSHMALLOW-BLUSH-13-1_1_11zon_jDD5ltJ.jpg", "category": null, "is_active": true}}, {"model": "products.category", "pk": 1, "fields": {"name": "Men", "slug": "men", "image": "categories/cedrat-essence-emir-paris-corner-100ml.webp", "status": "Published"}}, {"model": "products.category", "pk": 2, "fields": {"name": "Women", "slug": "women", "image": "categories/2_cbbb36aa-4b9a-4d05-8945-0bbcebdaf7a0.webp", "status": "Published"}}, {"model": "products.category", "pk": 3, "fields": {"name": "Unisex", "slug": "unisex", "image": "categories/Best_Aquatic_And_Citrus_Fragrances_for_Unisex.webp", "status": "Published"}}, {"model": "products.category", "pk": 4, "fields": {"name": "Kids", "slug": "kids", "image": "categories/MiraclePlant-KeyIngredients-8.webp", "status": "Published"}}, {"model": "products.brands", "pk": 1, "fields": {"brand_name": "Ahmedal Maghribi", "brand_image": "Brands/ahmed.png", "is_brand_display": true}}, {"model": "products.brands", "pk": 2, "fields": {"brand_name": "fogg", "brand_image": "Brands/fogg_1.png", "is_brand_display": true}}, {"model": "products.brands", "pk": 3, "fields": {"brand_name": "friday charm", "brand_image": "Brands/friday_charm.png", "is_brand_display": true}}, {"model": "products.brands", "pk": 4, "fields": {"brand_name": "Giorgio Armani", "brand_image": "Brands/giorgio_armani.png", "is_brand_display": true}}, {"model": "products.brands", "pk": 5, "fields": {"brand_name": "Coco Mademoiselle", "brand_image": "Brands/coco.png", "is_brand_display": true}}, {"model": "products.brands", "pk": 6, "fields": {"brand_name": "Vilhelm Parfumerie", "brand_image": "Brands/vlhelm.png", "is_brand_display": true}}, {"model": "products.brands", "pk": 7, "fields": {"brand_name": "Pefumehead", "brand_image": "Brands/pefumehead.png", "is_brand_display": true}}, {"model": "products.brands", "pk": 8, "fields": {"brand_name": "Parfums de Marly", "brand_image": "Brands/parfums_de_marly.png", "is_brand_display": true}}, {"model": "products.brands", "pk": 9, "fields": {"brand_name": "Phlur", "brand_image": "Brands/phlur.png", "is_brand_display": true}}, {"model": "products.brands", "pk": 10, "fields": {"brand_name": "Tom Ford", "brand_image": "Brands/tom_ford.png", "is_brand_display": true}}, {"model": "products.brands", "pk": 11, "fields": {"brand_name": "Good Girl", "brand_image": "Brands/good_girl.png", "is_brand_display": true}}, {"model": "products.subcategory", "pk": 1, "fields": {"category": 1, "name": "Fresh & Green", "slug": "fresh-green", "image": "subcategories/fresh.png", "status": "Published", "is_display_sub_category": true}}, {"model": "products.subcategory", "pk": 2, "fields": {"category": 2, "name": "Powdery & Soft", "slug": "powdery-soft", "image": "subcategories/powdery-soft.png", "status": "Published", "is_display_sub_category": true}}, {"model": "products.subcategory", "pk": 3, "fields": {"category": 1, "name": "Adventure & Outdoors", "slug": "adventure_outdoors", "image": "subcategories/adventure.png", "status": "Published", "is_display_sub_category": true}}, {"model": "products.subcategory", "pk": 4, "fields": {"category": 2, "name": "Dating & Romantic", "slug": "dating-romantic", "image": "subcategories/dating.png", "status": "Published", "is_display_sub_category": true}}, {"model": "products.subcategory", "pk": 5, "fields": {"category": 1, "name": "Party & Nightlife", "slug": "party-nightlife", "image": "subcategories/party.png", "status": "Published", "is_display_sub_category": true}}, {"model": "products.subcategory", "pk": 6, "fields": {"category": 2, "name": "Party & Glam", "slug": "party-glam", "image": "subcategories/women_party.png", "status": "Published", "is_display_sub_category": true}}, {"model": "products.subcategory", "pk": 7, "fields": {"category": 2, "name": "Feminine & Light", "slug": "feminine-light", "image": "subcategories/feminine-light.png", "status": "Published", "is_display_sub_category": true}}, {"model": "products.subcategory", "pk": 8, "fields": {"category": 1, "name": "Vintage & Classic", "slug": "vintage-classic", "image": "subcategories/vintage.png", "status": "Published", "is_display_sub_category": true}}, {"model": "products.product", "pk": 1, "fields": {"order": 1, "category": 1, "subcategory": 1, "brands": 1, "name": "Marj", "slug": "marj", "sku": null, "details": "<h6 style=\"box-sizing: border-box; margin-top: 0px; margin-bottom: 0.5rem; line-height: 1.2; font-size: 1rem; color: red; font-family: __englishFont_37ac50, __englishFont_Fallback_37ac50; font-weight: 500; font-style: normal; font-variant-ligatures: normal; font-variant-caps: normal; letter-spacing: normal; orphans: 2; text-align: start; text-indent: 0px; text-transform: none; widows: 2; word-spacing: 0px; -webkit-text-stroke-width: 0px; white-space: normal; background-color: #ffffff; text-decoration-thickness: initial; text-decoration-style: initial; text-decoration-color: initial;\"><span style=\"color: #000000; font-size: 14px;\">Combining valuable materials into a pleasant fragrance. Marj, the sense of sheer elegance and affection. EDP 60ML.</span></h6>", "image": "products/Snapinsta.app_462270131_933880328768743_2963835360547879290_n_1080.jpg", "is_popular": false, "is_active": true, "is_sale": false, "meta_title": "", "meta_description": ""}}, {"model": "products.product", "pk": 3, "fields": {"order": 3, "category": 1, "subcategory": 3, "brands": 4, "name": "VOUX ZINGY 100ML", "slug": "voux-zingy-100ml", "sku": null, "details": "<div class=\"description_content\" style=\"box-sizing: inherit; border: 0px; font-family: Jost, 'Sans Serif'; font-size: 16px; margin: 0px; outline: 0px; padding: 0px; vertical-align: baseline; color: #707070;\">\r\n<p style=\"box-sizing: inherit; margin: 0px 0px 24px; border: 0px; font-family: inherit; font-style: inherit; font-weight: inherit; outline: 0px; padding: 0px; vertical-align: baseline;\"><span style=\"box-sizing: inherit; border: 0px; font-family: inherit; font-style: inherit; font-weight: inherit; margin: 0px; outline: 0px; padding: 0px; vertical-align: baseline;\">Top Notes: Basil, Bergamot, Italian Citron, Lemon</span></p>\r\n<p style=\"box-sizing: inherit; margin: 0px 0px 24px; border: 0px; font-family: inherit; font-style: inherit; font-weight: inherit; outline: 0px; padding: 0px; vertical-align: baseline;\"><span style=\"box-sizing: inherit; border: 0px; font-family: inherit; font-style: inherit; font-weight: inherit; margin: 0px; outline: 0px; padding: 0px; vertical-align: baseline;\">Heart Notes: Jasmine, Ambretollide, Verbena</span></p>\r\n<p style=\"box-sizing: inherit; margin: 0px 0px 24px; border: 0px; font-family: inherit; font-style: inherit; font-weight: inherit; outline: 0px; padding: 0px; vertical-align: baseline;\"><span style=\"box-sizing: inherit; border: 0px; font-family: inherit; font-style: inherit; font-weight: inherit; margin: 0px; outline: 0px; padding: 0px; vertical-align: baseline;\">Base Note: Musk</span></p>\r\n<p style=\"box-sizing: inherit; margin: 0px; border: 0px; font-family: inherit; font-style: inherit; font-weight: inherit; outline: 0px; padding: 0px; vertical-align: baseline;\"><span style=\"box-sizing: inherit; border: 0px; font-family: inherit; font-style: inherit; font-weight: inherit; margin: 0px; outline: 0px; padding: 0px; vertical-align: baseline;\">&nbsp;Introducing Voux Zingy,&nbsp;</span><br style=\"box-sizing: inherit;\" /><span style=\"box-sizing: inherit; border: 0px; font-family: inherit; font-style: inherit; font-weight: inherit; margin: 0px; outline: 0px; padding: 0px; vertical-align: baseline;\">A vibrant symphony of freshness and elegance.&nbsp;</span><span style=\"box-sizing: inherit; border: 0px; font-family: inherit; font-style: inherit; font-weight: inherit; margin: 0px; outline: 0px; padding: 0px; vertical-align: baseline;\">Dive into a world where citrusy brilliance meets floral sophistication, leaving a trail of captivating freshness.</span></p>\r\n</div>", "image": "products/Zingy-22-600x800.png", "is_popular": false, "is_active": true, "is_sale": false, "meta_title": "", "meta_description": ""}}, {"model": "products.product", "pk": 4, "fields": {"order": 4, "category": 1, "subcategory": 3, "brands": 4, "name": "FASCINATION EMIR", "slug": "fascination-emir", "sku": null, "details": "<p><span style=\"box-sizing: inherit; color: rgba(18, 18, 18, 0.75); font-family: Assistant, sans-serif; font-size: 16px; letter-spacing: 0.6px; background-color: #ffffff;\">FASCINATION</span><strong style=\"box-sizing: inherit; color: rgba(18, 18, 18, 0.75); font-family: Assistant, sans-serif; font-size: 16px; letter-spacing: 0.6px; background-color: #ffffff;\"> </strong><span style=\"color: rgba(18, 18, 18, 0.75); font-family: Assistant, sans-serif; font-size: 16px; letter-spacing: 0.6px; background-color: #ffffff;\">is ideal for both men and women. A unique combination of ingredients in the fragrance combines to produce a warm and woodsy perfume. The scent's introduction is made fresh and energizing by the bergamot and lemon top notes. With top notes of bergamot and lemon, a heart of patchouli, cedarwood, and a base of vanilla, tonka bean, and amber, this unisex fragrance is made with a combination of exotic ingredients. These elements come together to produce a rich, warm and inviting perfume that is both woodsy and appealing. This fragrance is for people who</span></p>", "image": "products/FASCINATION02.webp", "is_popular": false, "is_active": true, "is_sale": false, "meta_title": "", "meta_description": ""}}, {"model": "products.product", "pk": 5, "fields": {"order": 5, "category": 1, "subcategory": 3, "brands": 4, "name": "CELESTIAL EMIR", "slug": "celestial-emir", "sku": null, "details": "<p><span style=\"color: rgba(18, 18, 18, 0.75); font-family: Assistant, sans-serif; font-size: 16px; letter-spacing: 0.6px; background-color: #ffffff;\">Mineral notes, Saffron, Suede, Violet Leaf, Akigalawood, Immortelle, Italian Mandarin, Chinese Osmanthus</span></p>", "image": "products/Aromauk.webp", "is_popular": false, "is_active": true, "is_sale": false, "meta_title": "", "meta_description": ""}}, {"model": "products.product", "pk": 6, "fields": {"order": 2, "category": 2, "subcategory": 4, "brands": 4, "name": "Si Passione Intense Eau de", "slug": "si-passione-intense-eau-de", "sku": null, "details": "<h1 style=\"box-sizing: inherit; font-family: Assistant, sans-serif; font-weight: var(--font-heading-weight); letter-spacing: 0.6px; color: rgb(var(--color-foreground)); line-height: calc(1 + .3/max(1,var(--font-heading-scale))); word-break: break-word; font-size: calc(var(--font-heading-scale) * 4rem); margin: 0px; background-color: #ffffff;\"><span style=\"font-family: HelveticaNowText; letter-spacing: normal;\">S&igrave; Passione Eau De Parfum Intense, the fragrance for women by Giorgio Armani, captures the vibe created when experiencing true passion. The iconic S&igrave; signature of blackcurrant nectar is blended with an emphatic floral heart made of a jasmine duo, creating a fierce and powerful energy that further enhanced by patchouli essence and vanilla extract. An ode to vibrating femininity, S&igrave; Passione Eau De Parfum Intense celebrates the contrast between the floral brightness and the intensity of passion. In Giorgio Armani's own words, \"Intensity doesn't need to be dark. Intensity is a movement in the making, a continuous vibration.</span></h1>", "image": "products/3614272826557_3_2_1.webp", "is_popular": false, "is_active": true, "is_sale": false, "meta_title": "", "meta_description": ""}}, {"model": "products.product", "pk": 7, "fields": {"order": 6, "category": 2, "subcategory": 4, "brands": 5, "name": "Eau de Parfum Intense Spray", "slug": "eau-de-parfum-intense-spray", "sku": null, "details": "", "image": "products/chanel-madm-intense-banner.webp", "is_popular": false, "is_active": true, "is_sale": false, "meta_title": "", "meta_description": ""}}, {"model": "products.product", "pk": 8, "fields": {"order": 7, "category": 2, "subcategory": 4, "brands": 6, "name": "Room Service", "slug": "room-service", "sku": null, "details": "<p><span style=\"font-family: Futura, sans-serif; font-size: 16px; letter-spacing: 0.4px; background-color: #ffffff;\">Picture this: Greta Garbo at Carlyle &acirc;&euro;&ldquo; a superstar who chose herself above Hollywood&acirc;&euro;&trade;s siren song. Alone in her hotel room, attired in a drift of satin and poignant allure, waiting for her ultimate luxury: a bath of flower petals, the warm water releasing this collision of citrus and red fruits, bamboo, violet, black amber and sandalwood.</span></p>", "image": "products/74712c7d-35e1-4e61-9327-7c2c9460eee2.webp", "is_popular": false, "is_active": true, "is_sale": false, "meta_title": "", "meta_description": ""}}, {"model": "products.product", "pk": 9, "fields": {"order": 9, "category": 2, "subcategory": 4, "brands": 7, "name": "LA LA Love", "slug": "la-la-love", "sku": null, "details": "<p><span style=\"font-family: 'Brut Grotesque', sans-serif; font-size: 16px; letter-spacing: -0.16px; background-color: #ffffff;\">LA LA Love is a gourmand fragrance imbued by opulence: sandalwood, saffron, musk, and vanilla absolute. Boozy notes of cognac, smoked amber and Peruvian balsam. Lipstick on spent cigarettes. Emollient for the gloriously weary.</span></p>", "image": "products/05c-La_La_Love_30ml_Extrait-Box-Bottle_TEHQL6S.webp", "is_popular": false, "is_active": true, "is_sale": false, "meta_title": "", "meta_description": ""}}, {"model": "products.product", "pk": 10, "fields": {"order": 10, "category": 2, "subcategory": 7, "brands": 8, "name": "Delina Eau de Parfum", "slug": "delina-eau-de-parfum", "sku": null, "details": "<p><span style=\"color: #191a1b; font-family: 'Brandon Text', Arial, sans-serif; font-size: 16px;\">This sensual bouquet structured with Turkish rose, lily of the valley and peony grows in strength and complexity through a fruity trio of lychee, rhubarb and bergamot spiced with nutmeg. The base notes of cashmere wood and musk give depth to Delina and make it a subtle yet mysterious fragrance.</span></p>", "image": "products/409743923.webp", "is_popular": false, "is_active": true, "is_sale": false, "meta_title": "", "meta_description": ""}}, {"model": "products.product", "pk": 11, "fields": {"order": 11, "category": 2, "subcategory": 7, "brands": 9, "name": "Tangerine Boy Eau de Parfum", "slug": "tangerine-boy-eau-de-parfum", "sku": null, "details": "<p><span style=\"color: #1b1b1b; font-family: Times; font-size: 18px; letter-spacing: -0.2px; background-color: #ffffff;\">I find that it didn't change too much on my skin vs. me spraying it. Both times it had that fresh, sweet smell with a touch of spice. The fruity essence calms down a little on the skin but in a subtle way. I usually go for floral perfumes because I find that most fruity perfumes smell too strong (like the hand sanitizer you used in middle school), but this one is just divine.</span></p>", "image": "products/p503911-av-4-zoom.webp", "is_popular": false, "is_active": true, "is_sale": false, "meta_title": "", "meta_description": ""}}, {"model": "products.product", "pk": 12, "fields": {"order": 12, "category": 2, "subcategory": 7, "brands": 10, "name": "Ombré Leather Eau de Parfum", "slug": "ombre-leather-eau-de-parfum", "sku": null, "details": "<p><span style=\"color: #1b1b1b; font-family: Times; font-size: 18px; letter-spacing: -0.2px; background-color: #ffffff;\">Introducing the scent my fianc&eacute; and I have both been spritzing on repeat. It's very leather-forward (something to note if you don't like rich, warm, musky scents), but if you like more of an edgy fragrance, you will go wild for it. I personally think it's so sexy to share perfume with your partner, and this fragrance is the perfect pick.</span></p>", "image": "products/1_3a6a5870-d0ca-47f5-8b3a-155613928097.webp", "is_popular": false, "is_active": true, "is_sale": false, "meta_title": "", "meta_description": ""}}, {"model": "products.product", "pk": 13, "fields": {"order": 13, "category": 2, "subcategory": 7, "brands": 7, "name": "Reine Des Anges Extrait De Parfum", "slug": "reine-des-anges-extrait-de-parfum", "sku": null, "details": "<p><span style=\"font-family: 'Brut Grotesque', sans-serif; font-size: 16px; letter-spacing: -0.16px; background-color: #ffffff;\">Reine des Anges is a lyrical and heady midnight garden. A decadent blend of Turkish and Moroccan roses. Earthly and androgynous with hints of Angelica root and ambrette seed. Leather, amber, and musk entwine like a lover&rsquo;s embrace.</span></p>", "image": "products/05-Reine_des_Anges_30ml_Extrait.webp", "is_popular": false, "is_active": true, "is_sale": false, "meta_title": "", "meta_description": ""}}, {"model": "products.product", "pk": 14, "fields": {"order": 14, "category": 2, "subcategory": 6, "brands": 10, "name": "Armaf Club De Nuit Women", "slug": "armaf-club-de-nuit-women", "sku": null, "details": "<p><span style=\"font-weight: 400;\" data-mce-fragment=\"1\">Indulge in the rich embrace of&nbsp;</span><a style=\"box-sizing: border-box; margin: 0px; padding: 0px; text-decoration-line: none; color: #3a3131; background-color: #ffffff; transition: 0.3s; font-family: Muli, Arial, 'sans-serif';\" href=\"https://armafperfume.com/products/armaf_club_de_nuit_eau_de_parfum_for_woman_105ml\" target=\"_blank\" rel=\"noopener\"><span style=\"box-sizing: border-box; margin: 0px; padding: 0px; font-weight: bolder;\">Armaf Club De Nuit Women</span></a><span style=\"font-weight: 400;\" data-mce-fragment=\"1\">, a fragrance that exudes timeless luxury and sophistication. The combination of top notes&mdash;orange, grapefruit, bergamot, and peach&mdash;harmonises with the delicate floral notes of rose, geranium, jasmine, and litchi. The rich base of patchouli, vanilla, musk, and vetiver ensures a captivating fragrance that&rsquo;s long-lasting, so you can dance your heart out all night.</span></p>", "image": "products/CLUB-DE-NUIT-WOMEN-3.jpg", "is_popular": false, "is_active": true, "is_sale": false, "meta_title": "", "meta_description": ""}}, {"model": "products.product", "pk": 15, "fields": {"order": 15, "category": 2, "subcategory": 6, "brands": 10, "name": "Carolina Herrera Good Girl Eau De Parfum", "slug": "carolina-herrera-good-girl-eau-de-parfum", "sku": null, "details": "<p><span style=\"color: rgba(0, 19, 37, 0.72); font-family: Inter, Roboto, Arial, sans-serif; font-size: 16px; background-color: #ffffff;\">Enjoy the alluring scent of our iconic Good Girl forever with this eco-friendly refillable bottle. A bold blend of dark and light elements for the woman of contrast, Good Girl is a daring yet sophisticated fragrance inspired by Carolina Herrera's unique vision of the duality of the modern woman. She defies expectations: at once bold and alluring, elegant and modern, kind and mysterious.</span></p>", "image": "products/db992ab8411061819838_1_1_1.png", "is_popular": false, "is_active": true, "is_sale": false, "meta_title": "", "meta_description": ""}}, {"model": "products.product", "pk": 16, "fields": {"order": 16, "category": 2, "subcategory": 6, "brands": null, "name": "YSL Black Opium", "slug": "ysl-black-opium", "sku": null, "details": "<p><span style=\"font-family: DM Sans, sans-serif;\"><span style=\"font-size: 15px;\">This is a seductively intoxicating women&Otilde;s fragrance with opening notes of adrenaline rich coffee and sweet vanilla that recline into the softness of white flowers for a young, modern scent</span></span></p>", "image": "products/ysl_black_opium_edp_4_733a96a7-bdc0-4514-b991-667337d2f291.webp", "is_popular": false, "is_active": true, "is_sale": false, "meta_title": "", "meta_description": ""}}, {"model": "products.product", "pk": 17, "fields": {"order": 17, "category": 2, "subcategory": 6, "brands": null, "name": "om Ford Black Orchid", "slug": "om-ford-black-orchid", "sku": null, "details": "", "image": "products/2_jpg_4d4261e0-80ac-4d6c-80a3-7d8c5021a7ab.webp", "is_popular": false, "is_active": true, "is_sale": false, "meta_title": "", "meta_description": ""}}, {"model": "products.product", "pk": 18, "fields": {"order": 18, "category": 2, "subcategory": 2, "brands": null, "name": "Guerlain - Insolence Eau de Parfum", "slug": "guerlain-insolence-eau-de-parfum", "sku": null, "details": "<p><span style=\"font-family: Montserrat, arial, helvetica, sans-serif; background-color: #ffffff;\">Discover an extraordinary Christmas gift set that draws inspiration from the artistic brilliance of Shourouk Rhaiem. The Maison's most iconic designs are brought together and adorned with a mesmerising array of rhinestones, capturing the enchanting spirit of the festive season.</span></p>", "image": "products/75426869_xxl_a3.webp", "is_popular": false, "is_active": true, "is_sale": false, "meta_title": "", "meta_description": ""}}, {"model": "products.product", "pk": 19, "fields": {"order": 19, "category": 2, "subcategory": 2, "brands": null, "name": "Narciso Poudrée", "slug": "narciso-poudree", "sku": null, "details": "", "image": "products/narciso-rodriguez-poudree-edp-90ml-lmching-group-limited-9_1800x1800.jpg", "is_popular": false, "is_active": true, "is_sale": false, "meta_title": "", "meta_description": ""}}, {"model": "products.product", "pk": 20, "fields": {"order": 20, "category": 2, "subcategory": 2, "brands": null, "name": "Chanel No 5 L'Eau", "slug": "chanel-no-5-leau", "sku": null, "details": "<p><span style=\"color: #0a0a0a; font-family: Helvetica Neue, Helvetica, Roboto, Arial, sans-serif;\"><span style=\"font-size: 16px;\">Chanel No 5 L'Eau by Chanel is a Floral Aldehyde fragrance for women. Chanel No 5 L'Eau was launched in 2016. The nose behind this fragrance is Olivier Polge. Top notes are Aldehydes, Lemon, Neroli, Bergamot, Mandarin Orange, Orange and Lime; middle notes are Ylang-Ylang, Jasmine and May Rose; base notes are White Musk, Orris Root, Cedar and Vanila.</span></span></p>", "image": "products/PhrZ9L8nOXPM9PDU.jpg", "is_popular": false, "is_active": true, "is_sale": false, "meta_title": "", "meta_description": ""}}, {"model": "products.product", "pk": 21, "fields": {"order": 21, "category": 2, "subcategory": 2, "brands": null, "name": "Byredo - Blanche", "slug": "byredo-blanche", "sku": null, "details": "<p><span style=\"font-family: 'Byredo Sans', 'Helvetica Neue', Helvetica, Arial, sans-serif; font-size: 12px; background-color: #ffffff;\">A longstanding icon in the Byredo catalogue, Blanche explores the smell of texture and skin; bodies slipping beneath fresh sheets; laundry baskets filled to the brim; a punch of detergent. An aldehyde hit softens into delicate rose; through sandalwood and musk, the allure and intimacy of human touch.</span></p>", "image": "products/mob_blanche_edp-50_c.png", "is_popular": false, "is_active": true, "is_sale": false, "meta_title": "", "meta_description": ""}}, {"model": "products.product", "pk": 22, "fields": {"order": 22, "category": 1, "subcategory": 8, "brands": null, "name": "Davidoff Zino Eau de Toilette for Men", "slug": "davidoff-zino-eau-de-toilette-for-men", "sku": null, "details": "<p><span style=\"color: #6d583c; font-family: 'Optima nova', sans-serif; font-size: 16px; background-color: #ffffff;\">Give in to your own dreams and imagination. Davidoff Zino Eau de Toilette is a fragrance for a passionate man pursuing the harmony of body and soul. Its oriental scent with woody notes perfectly underscores your unique charisma and gives you confidence every single day.</span></p>", "image": "products/davidoff_zino_2.webp", "is_popular": false, "is_active": true, "is_sale": false, "meta_title": "", "meta_description": ""}}, {"model": "products.product", "pk": 23, "fields": {"order": 23, "category": 1, "subcategory": 8, "brands": null, "name": "Paco Rabanne Pour Homme Rabanne", "slug": "paco-rabanne-pour-homme-rabanne", "sku": null, "details": "<p>Paco Rabanne Pour Homme by Rabanne is a Aromatic Fougere fragrance for men. Paco Rabanne Pour Homme was launched in 1973. The nose behind this fragrance is Jean Martel. Top notes are Rosemary, Clary Sage and Brazilian Rosewood; middle notes are Lavender, Geranium and Tonka Bean; base notes are Oakmoss, Honey, Musk, Amber and Tobacco.</p>", "image": "products/1y5WPqpYZlXnxMJC.jpg", "is_popular": false, "is_active": true, "is_sale": false, "meta_title": "", "meta_description": ""}}, {"model": "products.product", "pk": 24, "fields": {"order": 24, "category": 1, "subcategory": 8, "brands": null, "name": "Aramis by Aramis (1966)", "slug": "aramis-by-aramis-1966", "sku": null, "details": "<p>Aramis by Aramis is a Woody Chypre fragrance for men. Aramis was launched in 1966. The nose behind this fragrance is Bernard Chant. Top notes are Aldehydes, Myrrh, Artemisia, Thyme, Clover, Bergamot and Gardenia; middle notes are Patchouli, Sage, Jasmine, Cardamom and Orris Root; base notes are Leather, Oakmoss, Musk, Vetiver, Sandalwood, Amber and Coconut.</p>", "image": "products/mWrr7zIXRGLYiMSP.jpg", "is_popular": false, "is_active": true, "is_sale": false, "meta_title": "", "meta_description": ""}}, {"model": "products.productimage", "pk": 1, "fields": {"product": 1, "image": "products/Snapinsta.app_462270131_933880328768743_2963835360547879290_n_1080_Q7E498b.jpg"}}, {"model": "products.productimage", "pk": 3, "fields": {"product": 3, "image": "products/Zingy-22-600x800_YtyQ3SE.png"}}, {"model": "products.productimage", "pk": 4, "fields": {"product": 3, "image": "products/Zingy-01--600x1067.png"}}, {"model": "products.productimage", "pk": 5, "fields": {"product": 4, "image": "products/FASCINATION02_4LIAAwG.webp"}}, {"model": "products.productimage", "pk": 6, "fields": {"product": 4, "image": "products/facination.webp"}}, {"model": "products.productimage", "pk": 7, "fields": {"product": 4, "image": "products/FASCINATION04.webp"}}, {"model": "products.productimage", "pk": 8, "fields": {"product": 5, "image": "products/Aromauk_C2vVoQw.webp"}}, {"model": "products.productimage", "pk": 9, "fields": {"product": 5, "image": "products/CELESTIAL02.webp"}}, {"model": "products.productimage", "pk": 10, "fields": {"product": 5, "image": "products/scene00405.webp"}}, {"model": "products.productimage", "pk": 11, "fields": {"product": 6, "image": "products/3614272826557_3_2_1_mGwv2ON.webp"}}, {"model": "products.productimage", "pk": 12, "fields": {"product": 6, "image": "products/3614272826557_4_2.webp"}}, {"model": "products.productimage", "pk": 13, "fields": {"product": 6, "image": "products/3614272826557_5_2.webp"}}, {"model": "products.productimage", "pk": 14, "fields": {"product": 6, "image": "products/3614272826557_6_2.webp"}}, {"model": "products.productimage", "pk": 15, "fields": {"product": 7, "image": "products/chanel-madm-intense-banner_MfQNa67.webp"}}, {"model": "products.productimage", "pk": 16, "fields": {"product": 7, "image": "products/coco1.jpg"}}, {"model": "products.productimage", "pk": 17, "fields": {"product": 7, "image": "products/Chanel.jpg"}}, {"model": "products.productimage", "pk": 18, "fields": {"product": 8, "image": "products/74712c7d-35e1-4e61-9327-7c2c9460eee2_mWzRCmG.webp"}}, {"model": "products.productimage", "pk": 19, "fields": {"product": 8, "image": "products/7RvtxoVixZXnaN0G_1_11zon.jpg"}}, {"model": "products.productimage", "pk": 20, "fields": {"product": 8, "image": "products/EaKxKhNPILxwPluw_1.jpg"}}, {"model": "products.productimage", "pk": 21, "fields": {"product": 9, "image": "products/05c-La_La_Love_30ml_Extrait-Box-Bottle_zdZLi0I.webp"}}, {"model": "products.productimage", "pk": 22, "fields": {"product": 9, "image": "products/rvZF1AidbQXiNZcP.jpg"}}, {"model": "products.productimage", "pk": 23, "fields": {"product": 9, "image": "products/3-perfumehead-la-la-love-best-new-fragrances-of-2024_jizg4Nc.jpg"}}, {"model": "products.productimage", "pk": 24, "fields": {"product": 10, "image": "products/409743923_Zv04Dms.webp"}}, {"model": "products.productimage", "pk": 25, "fields": {"product": 10, "image": "products/409743916.webp"}}, {"model": "products.productimage", "pk": 26, "fields": {"product": 10, "image": "products/20240131-140817.webp"}}, {"model": "products.productimage", "pk": 27, "fields": {"product": 11, "image": "products/p503911-av-4-zoom_37b7qAD.webp"}}, {"model": "products.productimage", "pk": 28, "fields": {"product": 11, "image": "products/p503911-av-3-zoom.webp"}}, {"model": "products.productimage", "pk": 29, "fields": {"product": 12, "image": "products/1_3a6a5870-d0ca-47f5-8b3a-155613928097_fHLAkcl.webp"}}, {"model": "products.productimage", "pk": 30, "fields": {"product": 12, "image": "products/3_6e9f56ac-26d8-4ab5-9ee5-a254cabad270.webp"}}, {"model": "products.productimage", "pk": 31, "fields": {"product": 13, "image": "products/05-Reine_des_Anges_30ml_Extrait_ueQ4n2S.webp"}}, {"model": "products.productimage", "pk": 32, "fields": {"product": 13, "image": "products/05b-Reine_des_Anges_30ml_Extrait-Cap_Off.webp"}}, {"model": "products.productimage", "pk": 33, "fields": {"product": 13, "image": "products/08-Reine_des_Anges_Family-On_White_19090786-006a-4c71-958a-77db3b3db0d2.webp"}}, {"model": "products.productimage", "pk": 34, "fields": {"product": 13, "image": "products/05c-Reine_des_Anges_30ml_Extrait-Box-Bottle.webp"}}, {"model": "products.productimage", "pk": 35, "fields": {"product": 14, "image": "products/CLUB-DE-NUIT-WOMEN-3_LII5yDz.jpg"}}, {"model": "products.productimage", "pk": 36, "fields": {"product": 14, "image": "products/CLUB-DE-NUIT-WOMEN.jpg"}}, {"model": "products.productimage", "pk": 37, "fields": {"product": 14, "image": "products/image.webp"}}, {"model": "products.productimage", "pk": 38, "fields": {"product": 15, "image": "products/db992ab8411061819838_1_1_1_GLVYQH3.png"}}, {"model": "products.productimage", "pk": 39, "fields": {"product": 15, "image": "products/6ddfdb16c10820f6fbe932499761fa8d924d33ddb44c2af8e93ae480fbbe07de.jpg"}}, {"model": "products.productimage", "pk": 40, "fields": {"product": 16, "image": "products/ysl_black_opium_edp_4_733a96a7-bdc0-4514-b991-667337d2f291_bBPTc4o.webp"}}, {"model": "products.productimage", "pk": 41, "fields": {"product": 17, "image": "products/2_jpg_4d4261e0-80ac-4d6c-80a3-7d8c5021a7ab_fzj6zrw.webp"}}, {"model": "products.productimage", "pk": 42, "fields": {"product": 17, "image": "products/p183301-av-06-zoom.webp"}}, {"model": "products.productimage", "pk": 43, "fields": {"product": 18, "image": "products/75426869_xxl_a3_kK8asXL.webp"}}, {"model": "products.productimage", "pk": 44, "fields": {"product": 19, "image": "products/narciso-rodriguez-poudree-edp-90ml-lmching-group-limited-9_1800x1800_ri09ZsR.jpg"}}, {"model": "products.productimage", "pk": 45, "fields": {"product": 19, "image": "products/narciso-rodriguez-poudree-edp-90ml-lmching-group-limited-2_1800x1800.jpg"}}, {"model": "products.productimage", "pk": 46, "fields": {"product": 19, "image": "products/narciso-rodriguez-poudree-edp-90ml-lmching-group-limited-5_1800x1800.webp"}}, {"model": "products.productimage", "pk": 47, "fields": {"product": 20, "image": "products/PhrZ9L8nOXPM9PDU_WQY7vnr.jpg"}}, {"model": "products.productimage", "pk": 48, "fields": {"product": 20, "image": "products/IbCkFmA9830fcOfB.jpg"}}, {"model": "products.productimage", "pk": 49, "fields": {"product": 21, "image": "products/mob_blanche_edp-50_c_nYbKh5b.png"}}, {"model": "products.productimage", "pk": 50, "fields": {"product": 21, "image": "products/mob_blanche-eau-de-parfum-50-ml_2_1.png"}}, {"model": "products.productimage", "pk": 51, "fields": {"product": 22, "image": "products/davidoff_zino_2_8YatqrD.webp"}}, {"model": "products.productimage", "pk": 52, "fields": {"product": 22, "image": "products/davidoff_zino1.webp"}}, {"model": "products.productimage", "pk": 53, "fields": {"product": 23, "image": "products/1y5WPqpYZlXnxMJC_y5JRCVX.jpg"}}, {"model": "products.productimage", "pk": 54, "fields": {"product": 24, "image": "products/mWrr7zIXRGLYiMSP_p3StcTB.jpg"}}, {"model": "products.availablesize", "pk": 1, "fields": {"product": 1, "unit": "200 ML", "sale_price": "100.00", "regular_price": "150.00", "is_stock": true}}, {"model": "products.availablesize", "pk": 3, "fields": {"product": 3, "unit": "S", "sale_price": "120.00", "regular_price": "150.00", "is_stock": true}}, {"model": "products.availablesize", "pk": 4, "fields": {"product": 4, "unit": "S", "sale_price": "100.00", "regular_price": "120.00", "is_stock": true}}, {"model": "products.availablesize", "pk": 5, "fields": {"product": 5, "unit": "S", "sale_price": "200.00", "regular_price": "290.00", "is_stock": true}}, {"model": "products.availablesize", "pk": 6, "fields": {"product": 6, "unit": "150 ML", "sale_price": "200.00", "regular_price": "120.00", "is_stock": true}}, {"model": "products.availablesize", "pk": 7, "fields": {"product": 7, "unit": "100 ML", "sale_price": "100.00", "regular_price": "190.00", "is_stock": true}}, {"model": "products.availablesize", "pk": 8, "fields": {"product": 8, "unit": "100 ML", "sale_price": "19000.00", "regular_price": "19400.00", "is_stock": true}}, {"model": "products.availablesize", "pk": 9, "fields": {"product": 9, "unit": "100 ML", "sale_price": "2999.00", "regular_price": "3800.00", "is_stock": true}}, {"model": "products.availablesize", "pk": 10, "fields": {"product": 10, "unit": "100 ML", "sale_price": "200.00", "regular_price": "259.00", "is_stock": true}}, {"model": "products.availablesize", "pk": 11, "fields": {"product": 11, "unit": "200 ML", "sale_price": "120.00", "regular_price": "190.00", "is_stock": true}}, {"model": "products.availablesize", "pk": 12, "fields": {"product": 12, "unit": "200 ML", "sale_price": "190.00", "regular_price": "200.00", "is_stock": true}}, {"model": "products.availablesize", "pk": 13, "fields": {"product": 13, "unit": "200 ML", "sale_price": "300.00", "regular_price": "499.00", "is_stock": true}}, {"model": "products.availablesize", "pk": 14, "fields": {"product": 14, "unit": "200 ML", "sale_price": "190.00", "regular_price": "230.00", "is_stock": true}}, {"model": "products.availablesize", "pk": 15, "fields": {"product": 15, "unit": "200 ML", "sale_price": "120.00", "regular_price": "200.00", "is_stock": true}}, {"model": "products.availablesize", "pk": 16, "fields": {"product": 16, "unit": "200 ML", "sale_price": "200.00", "regular_price": "299.00", "is_stock": true}}, {"model": "products.availablesize", "pk": 17, "fields": {"product": 17, "unit": "200 ML", "sale_price": "200.00", "regular_price": "399.00", "is_stock": true}}, {"model": "products.availablesize", "pk": 18, "fields": {"product": 18, "unit": "100 ML", "sale_price": "200.00", "regular_price": "290.00", "is_stock": true}}, {"model": "products.availablesize", "pk": 19, "fields": {"product": 19, "unit": "200 ML", "sale_price": "190.00", "regular_price": "280.00", "is_stock": true}}, {"model": "products.availablesize", "pk": 20, "fields": {"product": 20, "unit": "200 ML", "sale_price": "200.00", "regular_price": "299.00", "is_stock": true}}, {"model": "products.availablesize", "pk": 21, "fields": {"product": 21, "unit": "200 ML", "sale_price": "200.00", "regular_price": "240.00", "is_stock": true}}, {"model": "products.availablesize", "pk": 22, "fields": {"product": 22, "unit": "200 ML", "sale_price": "190.00", "regular_price": "280.00", "is_stock": true}}, {"model": "products.availablesize", "pk": 23, "fields": {"product": 23, "unit": "200 ML", "sale_price": "200.00", "regular_price": "290.00", "is_stock": true}}, {"model": "products.availablesize", "pk": 24, "fields": {"product": 24, "unit": "200 ML", "sale_price": "190.00", "regular_price": "200.00", "is_stock": true}}]